vault_address,name_detail,leader_detail,apr_detail,followers_detail,leader_fraction,leader_commission,max_distributable,max_withdrawable,allow_deposits,always_close_on_withdraw,is_closed_detail,description_len,av_day_last,av_day_obs,av_week_last,av_week_obs,av_month_last,av_month_obs,av_all_time_last,av_all_time_obs
0x5661a070eb13c7c55ac3210b2447d4bea426cbf5,+convexity,0xc6fd7c7bc701c802cf2e75fa19cacd5e4c55af9c,-0.05081400617889553,,0.45208645718601853,0.1,494745.069243,0.0,True,False,False,10,494966.265871,13,494966.265871,61,494966.265871,44,494966.265871,41
0x632df0dbe24f3dac3e1c4e0596c96a0adc3ba86a,Flagship by Fire Labs,0x1d4b30ea0a731e092a8cb0079666bf1edfbc5f58,-0.019042297733435715,,0.5608331663096796,0.1,17652.310855,0.0,True,False,False,18,17830.617,12,17830.617,61,17830.617,44,17830.617,50
0xd6e56265890b76413d1d527eb9b75e334c0c5b42,[ Systemic Strategies ] ♾️ HyperGrowth ♾️,0x2b804617c6f63c040377e95bb276811747006f4b,-0.07869703123059707,,0.05008525219340626,0.1,5851203.924238,0.0,True,False,False,21,6837998.832386,24,6837998.832386,61,6837998.832386,47,6837998.832386,40
0x66e541024ca4c50b8f6c0934b8947c487d211661,ski lambo beach ,0x9818fdbc10121f83442a127aec09c193cb61829f,-0.19060363931615903,,0.8408278424133647,0.1,24381.962194,0.0,True,False,False,82,92015.136056,13,92015.136056,61,92015.136056,44,92015.136056,62
0x51b62b4bf8df6f2795b3da30cb46aa47f9f230a8,Crypto Trading Channel,0x8c8290ebf5d157b236948b9f66d09d426503f198,-0.05556443966318382,,0.7793744294323863,0.1,82768.556985,0.0,True,False,False,218,89032.5654,13,89032.5654,61,89032.5654,44,89032.5654,70
0xbeebbbe817a69d60dd62e0a942032bc5414dae1c,BTC/ETH CTA | AIM,0x9660f151ffe595afc65e64d38a55285ed8fd2021,-0.0793687124934997,,0.2370109922680186,0.1,81706.819578,0.0,True,False,False,27,96452.961966,12,96452.961966,63,96452.961966,45,96452.961966,44
0x5c29944d5a39a452d282f1bc5f1702a9007cb36b,"Abstract TrendETH, 2x leverage",0xe6f96dbdb544a788c323fe36f4b966eeb0edff32,-0.011773113874538247,,0.09755972614614289,0.1,5993.777382,0.0,True,False,False,53,7307.329842,13,7307.329842,62,7307.329842,44,7307.329842,52
0x010461c14e146ac35fe42271bdc1134ee31c703a,HLP Strategy A,0xdfc24b077bc1425ad1dea75bcb6f8158e10df303,-0.0008271467719302676,,1.0000000000000084,0.0,119659513.57318,0.0,True,False,False,61,121350014.427154,13,121350014.427154,65,121350014.427154,46,121350014.427154,91
0xe67dbf2d051106b42104c1a6631af5e5a458b682,Overdose,0xdeb7582b362a752970fbd2507d0fb5dd27ed379a,-0.04839284878649316,,0.19147724442724873,0.1,359549.951692,0.0,True,False,False,106,493301.951692,13,493301.951692,60,493301.951692,46,493301.951692,43
0xba939edf38c0ae0cc689c98b492e0535f43e4550,22Cap,0xa7fd61557cd0a61073566766839d5f851a8e92ef,-0.07109552220057065,,0.6845044073515285,0.1,96455.055097,0.0,True,False,False,16,126547.08843,12,126547.08843,63,126547.08843,45,126547.08843,66
0x82eba5dc675279cb5967952f0c4b5184505eb17c,JizzJazz,0xe45e4fc1dbd8ab1c554c8a2bd7fa752d1e53bb35,0.016409589354929473,,0.9559897799079606,0.1,100153.197447,0.0,True,False,False,37,147988.28931,12,147988.28931,61,147988.28931,45,147988.28931,102
0x8d4b1f07c630d7cc1d0ea0bf519c61f2885f46a5,emas,0x7f4a33fa2f3547f6c1965ae7e4c4fdd5028d3413,-0.0064306543515629,,0.9763628909925718,0.1,2060.73811,0.0,True,False,False,27,2618.851354,12,2618.851354,62,2618.851354,44,2618.851354,76
0xd8bc568c79e9a75563910e82e528596b49065cc9,TB10 (Top and Bottom 10),0x865bde7ec5b0bbb0096ffa1b2fc3e955d8bc7e4b,-0.03478938601573552,,0.18697911536847794,0.1,4551.748486,0.0,True,False,False,186,7510.021515,12,7510.021515,63,7510.021515,45,7510.021515,60
0x78ab93343554d9b9fc7260f44844fad8f36d3d79,HighFDV,0xeb75a45b99a8698ebc45f24a1ecb57235cc0f875,-0.06216248265066057,,0.9981895897641548,0.1,2613.116279,0.0,True,False,False,27,2713.297648,12,2713.297648,61,2713.297648,44,2713.297648,99
0x7c5885d2974457eafb1a3a4d848c358111f0714d,Super Saiyan 孫悟空,0x6281f807954f90110c626ba37b183bf9f94fae8d,-0.21463750166948137,,0.9846316459191048,0.1,1957.901385,0.0,True,False,False,98,44249.621513,12,44249.621513,62,44249.621513,44,44249.621513,68
0xc1703054b55bfa1ac6dbaf25cb1c783ca133181f,Momentum Edge,0x3b290def8e0b287a2c8ac0ae1ab31642caecc7e7,0.008925291082644587,,0.8294059883992221,0.1,335.962718,0.0,True,False,False,13,6744.725347,13,6744.725347,63,6744.725347,45,6744.725347,51
0x2431edfcb662e6ff6deab113cc91878a0b53fb0f,Goon Edging,0x90b88a8df1ad60f87b30032482b9907b89637c96,-0.2937280948076534,,0.48236177793974494,0.1,54382.041985,0.0,True,False,False,20,70783.422483,13,70783.422483,63,70783.422483,47,70783.422483,64
0xbc5bf88fd012612ba92c5bd96e183955801b7fdc,Jade Lotus Capital,0x10cd85d0257e666fa74de7c03965a6ec9383e171,-0.11050604666055197,,0.9619689166215899,0.1,149148.67909,0.0,True,False,False,130,202763.67909,13,202763.67909,62,202763.67909,46,202763.67909,51
0xb1505ad1a4c7755e0eb236aa2f4327bfc3474768,Bitcoin Moving Average Long/Short,0x1fa1b4c4cda61b3c1ce805ae82e64a90d8821d08,-0.051373626147633,,0.05062619920878624,0.1,3190103.491923,0.0,True,False,False,61,3531094.591923,21,3531094.591923,58,3531094.591923,46,3531094.591923,36
0xfeab64de8cdf9dcebc0f49812499e396273efc06,Loop Fund,0x10cd85d0257e666fa74de7c03965a6ec9383e171,-0.16419666575405786,,0.9804002433908786,0.1,38246.281782,0.0,True,False,False,105,57523.881782,12,57523.881782,64,57523.881782,47,57523.881782,54
0x3005fade4c0df5e1cd187d7062da359416f0eb8e,Delta_01,0x43c63ea7775a4f7ee93fcdd096f4ff92a9fe4054,-0.062151891250203775,,0.23160165664637616,0.1,420229.387197,0.0,False,True,False,230,488414.376393,12,488414.376393,66,488414.376393,47,488414.376393,83
0xdfb729b4b789de6d13d6ad7ac8e2750909360af9,C.A.T,0x0d60d47b1b995af2a0e98485a9413868ea7effd6,0.0164650515246796,,0.9401995275234472,0.1,6178.67201,0.0,True,False,False,96,8732.81447,13,8732.81447,64,8732.81447,45,8732.81447,33
0xf4ab2cb15b7b3fa298555b801e9f5772ba8f8891,[ Sidelined ] Market Neutral 1,0x5797f35b2a81669e85fa8f3ea8816f7054ad1dd4,-0.007006211886890211,,0.792068347114715,0.1,33398.277605,0.0,True,False,False,152,36057.468824,12,36057.468824,64,36057.468824,46,36057.468824,40
0x1438d75830f530fd4d68ec650549dcc34ae987fa,Guarantee Trades,0xd7f1e7d2f60671b86edeefe96ce03dd3437cd17f,-0.12046452399827186,,0.9503434755379653,0.1,16179.882474,0.0,True,False,False,93,18009.38968,13,18009.38968,65,18009.38968,46,18009.38968,45
0x7f9571cc340883ff8781dca34afd8d07e3c8147c,しねやボケェ！！！,0xabd57d2430eb24aa710556434e2bcfefb48d513d,-0.09831318957258982,,0.9999999998844082,0.1,2713.534476,0.0,True,False,False,25,4212.549706,12,4212.549706,62,4212.549706,44,4212.549706,99
0x79d3b973bd5bc4c6a98f5d2e0ee6e285910945ae,Ethos Intel - Mvault,0xfe15383180f356010ff6d1fd4e4bfc0428770908,-0.0004491345136006198,,0.9301469668974662,0.1,7693.657697,0.0,True,False,False,243,7801.167589,12,7801.167589,61,7801.167589,45,7801.167589,43
0x3daa34fb415e55fc5091df17f5c88cd552f88e46,Loong,0x8923cdff38a43d1fd59d323c35b900047e431bac,-7.559710325207004e-07,,0.11738730983196952,0.1,1907.447082,0.0,True,False,False,14,2759.327921,13,2759.327921,66,2759.327921,47,2759.327921,64
0xebc9865942ab666a57976a7768594b29133cbf53,Sequoia HyperStable Yield Optimizer,0x147b254ff28176bd74a7b58d4edaf7f2bcccb93f,-0.036959380330134926,,0.1499324333241418,0.1,26675.64476,0.0,True,False,False,162,31059.995253,14,31059.995253,64,31059.995253,48,31059.995253,50
0x5108cd0a328ed28c277f958761fe1cda60c21aa8,Cryptoaddcited,0x6a4590697be32f65757d1fd480716a73961404fd,-0.016393519691961192,,0.34222769190406843,0.1,113666.621489,0.0,True,True,False,112,117041.882933,14,117041.882933,62,117041.882933,44,117041.882933,63
0x45c42fbd450b5506f8dc819d46036630fe75b81e,Octavious Maximus,0xa005d85a57b02f7f468039301c91d69d1a568a63,-0.18069866844905777,,0.313584519097376,0.1,9819.407692,0.0,True,False,False,83,16992.342742,12,16992.342742,66,16992.342742,47,16992.342742,52
0x9a3006e0b7ffacf11729103098ff16fa6e17bd24,HyperTwin - Blue Whale,0x98bb9ef6b6bf918ce301be1e3fa14407b1d949a2,-0.10847026043146075,,0.9928906803492011,0.1,8195.399618,0.0,True,False,False,213,14264.927836,13,14264.927836,63,14264.927836,45,14264.927836,46
0xe76c9c59157c993ac3cb405defb7992661b57fed,[ Broadcraft Capital ] Tradewinds,0xe78e0092262c2b443faff2d4412d85268644265c,-0.09667791936550583,,0.943357203258166,0.1,1861.227107,0.0,True,False,False,219,2512.23169,13,2512.23169,64,2512.23169,45,2512.23169,34
0x161acffcd4b9a6c482c53c4b1a856e21a05f89f2,Hindenburg Short Alpha,0x4f15882ffb864e38b239c10bf7c8e99873c37c72,-0.034803511990626826,,0.9299884687738275,0.1,6095.747881,0.0,True,False,False,38,7875.029262,12,7875.029262,66,7875.029262,46,7875.029262,63
0xb48526e72b11614df47f38be22c7a466adc19efd,ML-Trader Vault 1,0x301b2a671b241923936f75b07c8f858cf79b4a6c,0.0,,0.9999999999951176,0.1,19802.290152,0.0,True,False,False,40,19902.290152,12,19902.290152,63,19902.290152,45,19902.290152,40
0x7048b287889c5913d59f812795d7fd5d724be77a,Equinox · Blackalgo,0x3db735d71673b3d57b34f55013b9b25e2d2dd9cf,-0.03841959775802772,,0.29479810858017175,0.1,9586.423239,0.0,True,False,False,168,1151748.049094,14,1151748.049094,59,1151748.049094,44,1151748.049094,43
0xac26cf5f3c46b5e102048c65b977d2551b72a9c7,Long HYPE & BTC | Short Garbage,0xa380444a9299df2a15bddf949dd493bb6d30d939,-0.10770250095389537,,0.3432464336469736,0.1,1369879.199923,0.0,True,True,False,168,1705473.330176,15,1705473.330176,59,1705473.330176,47,1705473.330176,54
0x12df3ea02344a394cfc50221ea452e1b3bf8fee5,PricingActionExecise,0x46a528e63356db1046824782fbbcf3c9c784388c,-0.0421684594846151,,0.9999999984914029,0.1,946.934798,0.0,True,True,False,48,1107.773678,13,1107.773678,66,1107.773678,48,1107.773678,44
0x026a2e082a03200a00a97974b7bf7753ce33540f,Sentiment Edge,0x3b290def8e0b287a2c8ac0ae1ab31642caecc7e7,0.0026393153284723324,,0.24863015656452364,0.1,5407.753468,0.0,True,False,False,68,109906.51327,13,109906.51327,64,109906.51327,46,109906.51327,63
0x395f50a09d7bc2e2883c9e427d36896264a6ee8f,● MONO BLACK TOKYO「ISHI 石」,0x82babdae2d023cfa3cfa00a4446fb28dd8a5efcc,-0.047817141731685574,,0.058894936461293595,0.1,492.260078,0.0,True,False,False,144,2190.198916,13,2190.198916,67,2190.198916,48,2190.198916,41
0x15e54b9214d7cb6e73f3e38ebead0c51ea2ac129,Alphadhad X,0x9fe6fb72a043051cb35d196de5e0804860e0a0a4,-0.03951860980275361,,0.174648981614176,0.1,7980.742916,0.0,True,False,False,58,10205.698562,12,10205.698562,66,10205.698562,46,10205.698562,68
0x9e02aca9865e1859bb7865f6f64801e804a173df,AceVault Hyper01,0x36752718b4f769a6cfd6f552818f5911c8b649da,-0.008423643583856775,,0.11282997043497198,0.1,219798.090757,0.0,True,False,False,206,343173.233489,13,343173.233489,60,343173.233489,46,343173.233489,39
0x071a1341c9d00a5537ff4bf8289049f045fe3abb,HyperSonic,0xdeb7582b362a752970fbd2507d0fb5dd27ed379a,-0.0036610900641764576,,0.9785001833513354,0.1,17663.62301,0.0,True,False,False,148,24468.683454,12,24468.683454,66,24468.683454,49,24468.683454,47
0xbe27d82ce3ddcffdaefdf6883cbfb9299d62eaa0,ultrasound-money,0xf94df160beb58f3e45b24d4b61d38f3eea20a196,0.0,,0.10515276001063953,0.1,155.035778,0.0,True,False,False,16,1106.033165,12,1106.033165,63,1106.033165,45,1106.033165,101
0x4f5d95ea90978a8c64408a68bec866680a4212d2,Meow Fund,0xdd718ab7e6ad497fc1b6bc0860f85d258ab3708b,-0.003542947747847195,,0.5394366268436362,0.1,5317.783473,0.0,True,False,False,66,7313.815952,12,7313.815952,60,7313.815952,44,7313.815952,38
0x33821578405bd53f0eed2895496922b528d95e21,Barv A,0x4c9132a369ca40cd6dadaf7c6dd3f67590b60af5,-2.4686148266869177e-05,,0.21703847712881055,0.1,120996.02353,0.0,False,False,False,80,121456.771326,13,121456.771326,65,121456.771326,47,121456.771326,62
0xcf7955f438b02ad8cc389b95fcd0251a920ec8e2,Hyperliquid BULL,0x4059ca49c12216df54649fda1484acb99e0e1704,-0.07248485803344817,,0.6892347790433668,0.1,2386.23051,0.0,True,False,False,225,2681.43321,14,2681.43321,63,2681.43321,46,2681.43321,68
0xcea8462fa124a2a8e19167759b2f0b20d8d2c0a6,Abstract Mainnet Test Vault,0xe6f96dbdb544a788c323fe36f4b966eeb0edff32,-0.017725822052917433,,0.05744026633318987,0.1,3392.789028,0.0,True,False,False,61,6049.573858,13,6049.573858,64,6049.573858,46,6049.573858,58
0x0405e04a717fae31cd3d19242976aa2ffe1ed791,Follow the Money,0x00264c7bbfc77f571ae3ceda4f3ddd8ee58a1b7b,-0.16585600174273984,,0.9973672861653384,0.1,697.996981,0.0,True,False,False,68,4547.501971,13,4547.501971,65,4547.501971,46,4547.501971,37
0x2e161982d86fffe2f7820c4f421217a82f923347,ImpulseX,0xf1814754c750d9c5658a218af1a09032943cc41b,-0.020946080761440635,,0.051189500666520595,0.1,42724.514885,0.0,False,True,False,157,44678.040485,13,44678.040485,65,44678.040485,47,44678.040485,43
0xcae0d1558b70b92ee9fd0acb20cb639c8c28ae69,DOEZOE,0x677179fb9012936db4750102f8f49954ee34c5a4,-0.03754835853781965,,0.8515751914695803,0.1,11428.095027,0.0,True,False,False,18,11545.52447,13,11545.52447,63,11545.52447,45,11545.52447,48
0x208268096df2e76df84d50f5c4bf4d61d9c190d4,TEA,0x1efe48f58369bca173ab830ba3ad880c4bf5dce2,-0.017747475280643913,,0.47733961973780736,0.1,20854.612031,0.0,True,False,False,247,22268.529096,13,22268.529096,66,22268.529096,47,22268.529096,36
0xc5c950d11214967c4ea29423b3d0690322bfb07e,BTC SHORT DCA 2X,0x05ee3f0675211f678531df70de3502469ffb5886,-0.1062930599019721,,0.4283960912480101,0.1,0.520852,0.0,True,False,False,53,5069.583876,12,5069.583876,63,5069.583876,45,5069.583876,48
0xb8bd7a6bd168fc069cc81f051b4a0c74da4fde9a,Tokenomics Value Fund,0xe42c653ee440b469f0e4bd5635ebfc7939d37a91,-0.016079923354140227,,0.6401399799291537,0.1,0.0,0.0,True,False,False,246,1392.971357,12,1392.971357,63,1392.971357,45,1392.971357,43
0x66acb610e08282e7ac778d6a408a3eac58839be9,YourDataInsider,0xc68127af54a7ba517b23422e69432352c7f75ab8,-0.03844373920950228,,1.0,0.1,1078.02864,0.0,True,False,False,239,1178.02864,12,1178.02864,61,1178.02864,43,1178.02864,49
0xfbf69b8f75594e30e604c5ba81bd3ad568ba7622,Helix,0xae8065fa24bc0c5cddd7afaf2d01c1f5951a34ae,-0.029634414179401665,,0.9648440987328398,0.1,1011.662901,0.0,True,False,False,39,5487.817063,13,5487.817063,66,5487.817063,46,5487.817063,37
0xfa97fe321599641d5e62c61c222a961f59662af7,T5 Stable Yield Classic,0x84f9a33127bc05a31eb342313cd296c5a2e84fa1,-0.014970413625921981,,1.0,0.1,5886.712572,0.0,False,False,False,76,6264.848792,13,6264.848792,65,6264.848792,46,6264.848792,37
0xc83e19f430224c5f377570c5f60a835c77b1818c,Sims.eth,0xf820817f93ac09a6bbb68661d91da48cdc8266b2,0.0,,1.0,0.1,3787.163777,0.0,False,False,False,15,3887.163777,13,3887.163777,63,3887.163777,45,3887.163777,62
0xc1aff6f88f9acee8f3f27d45080281ca9d5526d4,naze oppa degen nation,0xf3b81a4cae77e820f1b82f46ebd8216b57d1226a,0.0,,0.7318717684562653,0.1,15263.711738,0.0,True,False,False,17,15400.347696,12,15400.347696,63,15400.347696,45,15400.347696,95
0x82832a7d0c07d93ed6ba586ba5e2aa57d198bac5,HyperSolid BTC 1D,0x9220d2abaa05ca8d1d4e407319d61c0d9fbef8f5,0.0,,0.30211481314753297,0.1,16263.677854,0.0,False,True,False,19,16594.677844,12,16594.677844,61,16594.677844,44,16594.677844,41
0x8f78da3fdb3b1dd3eb02529a802a02855d950746,AJ Pro,0xa14f74d2fff09fa55e0358babf83220ee6df22dd,0.0,,0.9995305428838708,0.1,12970.804634,0.0,True,False,False,49,13070.851602,13,13070.851602,63,13070.851602,45,13070.851602,63
0x2e3d94f0562703b25c83308a05046ddaf9a8dd14,HLP Liquidator,0xdfc24b077bc1425ad1dea75bcb6f8158e10df303,-1.1503413259723534e-05,,1.0,0.0,999900.296451,0.0,True,False,False,174,1000000.296451,13,1000000.296451,66,1000000.296451,47,1000000.296451,80
0xc0ab956f36d36f6c1fe4f50450407a832ad911f3,DALIO,0x01738bd394579f1ca81acc8f57c49d58262ec8ec,0.0,,0.9165646433543494,0.1,2250.70944,0.0,True,False,False,5,2359.812492,12,2359.812492,63,2359.812492,45,2359.812492,73
0xf6f3d773e11023e3e686cbda883ecba631fefc15,YEELON,0x05420ff3c26c463c4e253bb8d0b92d24a467b4b1,0.0,,0.47592778636954963,0.1,19408.553966,0.0,True,False,False,26,19618.669876,12,19618.669876,64,19618.669876,45,19618.669876,63
0x079ac616a319dbcdec9a3b99dcde0242cf5f4ffe,[ Broadcraft Capital ] Stormcrest,0xe78e0092262c2b443faff2d4412d85268644265c,-0.07910634443428363,,0.8936520733240514,0.1,1067.739795,0.0,True,False,False,222,1278.12946,12,1278.12946,64,1278.12946,46,1278.12946,35
0x7d97f7cb48ecc966d75a746b811ca93f1fd6e7ef,alpha-032,0x11eaed910eefa22056ef5d2aefb0d632cc0f6906,0.5964703505990258,,0.4522891347560546,0.1,73142.812184,0.0,True,False,False,48,156195.467305,13,156195.467305,61,156195.467305,44,156195.467305,45
0xb8f43ee0513e53309b9d6d6a42dce8fdb694b04d,Fadorador,0x91cac3875d31b3bb4d4fc64b62544804c6b22538,0.0,,0.9830405794006447,0.1,2296.650569,0.0,True,False,False,30,2398.375769,13,2398.375769,63,2398.375769,45,2398.375769,63
0x4ac40b77c99ab1fbe7242bfc6426665e241f438c,HypeAI,0x3980edbc7a4ed747b567b574e53ab52f3ff9e4bd,-0.008518618092436862,,0.241794735505324,0.1,1737.41109,0.0,True,False,False,50,2725.261362,13,2725.261362,60,2725.261362,43,2725.261362,34
0x04027058bb4aff889402ffb6e4743a96ce88149a,Road to 10 Million,0x2b0beda149be62676aa8133fc36ea0af8f85e32d,0.0,,0.9921693270537145,0.1,141757.723684,0.0,False,False,False,52,141858.512932,12,141858.512932,64,141858.512932,46,141858.512932,76
0x867eb0b917a3082651d07090d6107f9690b605d6,Simpfor.fun-1,0x2cb9c5a32cc7a3bd09f81d8748fa6999ecde263f,0.0,,0.9810556378334067,0.1,10432.145157,0.0,True,False,False,104,10534.076175,13,10534.076175,62,10534.076175,44,10534.076175,42
0x37e6d89f26ccecf356c3255d1af8cf97f17fc54f,brrr,0x4fd0ff2c49671d4fe1927371cf833e8b3b7f44ea,0.0,,0.9999999981111904,0.1,4235.107935,0.0,True,True,False,16,4335.107935,12,4335.107935,66,4335.107935,47,4335.107935,62
0x4cb5f4d145cd16460932bbb9b871bb6fd5db97e3,Not In Employment Education or Training,0xbd9c944dcfb31cd24c81ebf1c974d950f44e42b8,4.289699177560754,,0.050000017183365435,0.1,3532472.356449,0.0,True,False,False,24,5722271.923142,32,5722271.923142,61,5722271.923142,44,5722271.923142,32
0xccbd99f3948e7413ebdc3a6eb2d0cc04321d8bec,[QR] I-3XAPEX20 VTF (INVERSE LEVERAGE INDEX/ETF),0x4f15882ffb864e38b239c10bf7c8e99873c37c72,0.0,,0.9999999978082608,0.1,1747.989438,0.0,True,False,False,235,1847.989438,12,1847.989438,63,1847.989438,45,1847.989438,71
0x9114a5161f18739ced233190861ea275c8b3a99b,Symphony,0x3b290def8e0b287a2c8ac0ae1ab31642caecc7e7,0.07608946534728339,,0.5900282903666784,0.1,11866.480965,0.0,True,False,False,36,324740.006061,12,324740.006061,62,324740.006061,45,324740.006061,40
0xa844d7ac9fa3424c4fd38a25baa23e460ec3e802,69 Jump Street,0x84803dc3df988d5493d9be2ee75e36f0043ee272,0.2637934356993766,,0.62343522739848,0.1,378084.6608,0.0,True,False,False,18,524401.829115,12,524401.829115,60,524401.829115,45,524401.829115,63
0xbbf7d7a9d0eaeab4115f022a6863450296112422,Satori Quantum HF Vault,0xaf69b1587b87c78409e5a20c3fd5f1ca386fd350,3.533099789886564,,0.11834155741108726,0.1,544855.024736,0.0,True,False,False,165,566521.597873,12,566521.597873,63,566521.597873,45,566521.597873,60
0x38d7165450a497f37f01a61a6b603cf0d17c052b,haerin capital llc,0x1dc7af8739c02b757ac9b3ba92ab561de7e3af25,0.0,,1.0,0.1,1021.021408,0.0,False,False,False,13,1121.021408,13,1121.021408,66,1121.021408,47,1121.021408,62
0x5290ab34acb59cfe1371baa5782eba14433d308f,Scared Money,0x27c5fdef9a082abd0711c611dbde9d7db9611aae,1.5423497339340144,,0.9341607943019758,0.1,9618.784356,0.0,True,False,False,78,9725.832308,13,9725.832308,60,9725.832308,45,9725.832308,97
0x50e2fe552727a4b8692c192b4f96d1a6b0d44394,Aquila Chrysaetos,0x58206237b3fcfcbb4c9b60317cf652a29089f224,0.05759548363501257,,0.168563776358792,0.1,65209.587971,0.0,True,False,False,25,73533.687971,13,73533.687971,61,73533.687971,44,73533.687971,40
0x217106b611164c8cb27686ce9aa7dc3d6f0e1aae,30 Under 30,0x14992c7298c267b14da9e3832a94346952d6c435,0.0,,0.09365939437580603,0.1,5e-06,0.0,True,False,False,219,1067.69856,13,1067.69856,66,1067.69856,47,1067.69856,68
0x89aa708dfe1054a6de92ca89c0ecff387905ee0d,do we have edge?,0xa75cdf956d3bf49b7e073ef330394665abd34c16,0.0,,1.0,0.1,1168.82896,0.0,True,False,False,19,1268.82896,12,1268.82896,62,1268.82896,45,1268.82896,64
0x77a0f8bae276f489f0f7cc2752322805317dcbb1,R-1,0x8ee071baaff1dc9cf19b140f47853c684d495ed4,0.7764725184075923,,1.0,0.1,56704.706002,0.0,True,False,False,48,60248.481366,12,60248.481366,62,60248.481366,44,60248.481366,41
0x8368d05709a82d1ac2100a642006fc85a13a8bf6,Shyguy Vault,0x552b6ad871f27a9729162c18d769050363f2d57e,0.707199130305986,,0.8012407415002023,0.1,1141.186276,0.0,True,False,False,40,1265.99271,13,1265.99271,62,1265.99271,44,1265.99271,76
0x73f6553d3a6b570ab37957b32a75c7fc0ebff6e9,Gucky_4coin_2dot5x,0x146d21473dbd19fa18bd1b41aa4712ea2cd8a1de,0.20283990756590758,,0.10291742438018653,0.1,5584.25913,0.0,True,True,False,182,6555.911895,13,6555.911895,62,6555.911895,44,6555.911895,63
0xa152d6bed00ba8132c23d33ce5ac32d749ab7cdb,ChanLun Delta Neutral Vault,0xe5417cbec1d9d3cdbf53e37eaf1b9529900c274b,0.9508743019634096,,0.9934047283592035,0.1,7819.272409,0.0,True,False,False,127,10675.834036,13,10675.834036,63,10675.834036,45,10675.834036,41
0x4f5bbfe763c8ba4a8ea59e15d93d31e31a3a1631,Solus Capital,0x4beba892edeff53be0e17820829f8017ca6e3699,1.251369125289726,,0.9992956534827765,0.1,28295.04401,0.0,True,False,False,119,28395.114494,13,28395.114494,62,28395.114494,44,28395.114494,33
0x3d1a723e27f622a968b31beb53a412ef34e9184a,Cash Barracuda,0xdeba95d8c12173c599cb80671750d37e3dd112d0,0.0,,1.0,0.1,983.607636,0.0,False,False,False,223,1083.607636,12,1083.607636,65,1083.607636,47,1083.607636,41
0xd0fea59999cd64d336185c11dca1742da0438d69,ArcaneVorki,0x6c0a53873fcb4202856b012a7d7077f28452cc30,0.0928868733784945,,0.9991001585107766,0.1,6286.681123,0.0,True,False,False,81,7377.514456,12,7377.514456,63,7377.514456,45,7377.514456,40
0xb0a55f13d22f66e6d495ac98113841b2326e9540,HLP Liquidator 2,0xdfc24b077bc1425ad1dea75bcb6f8158e10df303,2.2996e-05,,1.0000000000000007,0.0,29999900.0,0.0,True,False,False,177,30000000.0,13,30000000.0,64,30000000.0,46,30000000.0,52
0x8fafc23611d59310b957162b8479f354c5a0eb4d,RedCoast,0x67ecb94f32c61ae197fa6915276c723a89bf3ac3,0.8778163035478277,,0.9067800753763677,0.1,102769.163783,0.0,True,False,False,114,116821.540237,13,116821.540237,63,116821.540237,45,116821.540237,44
0x5a3d3557a6abd36ee4c1597f0c674aa0f01f00ac,cryptoleek,0xb232d899b39ee282ec26bba385497b9fcd150ed3,0.0,,1.0,0.1,1780.068716,0.0,True,False,False,29,1880.068716,13,1880.068716,61,1880.068716,44,1880.068716,70
0xc16e0bf84ea8c2b85457010602cb6fa030bc1fd4,HYPErQuantum4,0x146d21473dbd19fa18bd1b41aa4712ea2cd8a1de,0.8469226813663744,,0.13436637307400218,0.1,4390.86712,0.0,True,True,False,240,6983.51342,12,6983.51342,63,6983.51342,45,6983.51342,40
0x8fc7c0442e582bca195978c5a4fdec2e7c5bb0f7,Elsewhere,0xf5d0308ac17a33e666326df43788afaa4100b9eb,1.6867009627221874,,0.15854237258983753,0.1,473113.705329,0.0,False,False,False,34,536041.727773,13,536041.727773,61,536041.727773,45,536041.727773,89
0x72255024cded9e6edf856a2a24318b9411a37695,TrendPilot,0x33ba8d3710b985fe56e4e8324cb57c4a228ba3d9,0.915537377081055,,0.9999999996617308,0.1,8732.637998,0.0,True,False,False,235,8832.637998,13,8832.637998,62,8832.637998,44,8832.637998,45
0xca230e816bdb34a46960c2f978a30a563d1ae9e0,Hyperrr,0x76184c92c5e17122a496fe1799adc77f4139c96e,2.670367631401103,,0.2567935037711478,0.1,964654.087348,0.0,False,False,False,24,1333083.315788,12,1333083.315788,63,1333083.315788,45,1333083.315788,67
0xc75d9370c9f769b05baae78204a89854db920c1f,Mahamor,0x1f224d73419f2d63022545c127b3a65c31a2cc39,0.17750936314100288,,0.6314330974232932,0.1,4291.886629,0.0,True,False,False,16,6964.388966,12,6964.388966,64,6964.388966,45,6964.388966,67
0x82fd2edb5b49f95d785c54043b4a3682cc66caa1,Elsewhere | copy,0xd029e469c2808b1a0e3e89587c4aba7a4456b83e,1.7328964284209927,,0.26946078979118254,0.1,2062.156053,0.0,True,False,False,217,2433.267561,13,2433.267561,63,2433.267561,44,2433.267561,62
0x72051340b0c62bc34a9557ededf2ea144913b0ec,[ Sidelined ] Discretionary 1,0x5797f35b2a81669e85fa8f3ea8816f7054ad1dd4,0.0,,0.9946704658971718,0.1,2143.564554,0.0,True,False,False,147,2244.100363,12,2244.100363,61,2244.100363,44,2244.100363,39
0x9a88dd4eacc3aa561c4f50ec66bcede831bec813,Wonderland,0x228ed7bff391e92ba3ddcbcda8db7a0134ef2587,9.856585207514284,,0.998969259798382,0.1,79466.615101,0.0,False,False,False,84,163654.449199,13,163654.449199,63,163654.449199,45,163654.449199,43
0xfb9a5551f960a4128075e7b1a250c4980497f0f5,Shezhea / Genesis Epoch 0,0x8027686e6e4b4e36da38ce6d89a35d634fb031e3,0.0,,0.9575736244682698,0.1,2537.314494,0.0,True,False,False,109,2641.745106,12,2641.745106,64,2641.745106,46,2641.745106,59
0xb57bd0baf53ec7050666d2b5fcaea5704da31c52,[ Kangaroo Strategies ] Trend Trading,0x319df9df408ba99296ee68d3091835aed0b2fdd4,0.0,,0.050000000057786695,0.1,8619.073522,0.0,False,True,False,164,10619.07352,12,10619.07352,63,10619.07352,45,10619.07352,36
0x1764dd740aba4195643bbb6a44648e0306b00cfa,Magixbox,0x4f8cc02ec3a1e5670d2f7e2258738729fd36bcd5,2.738982904578754,,0.8639784210409611,0.1,12719.506007,0.0,True,False,False,52,12835.249639,13,12835.249639,63,12835.249639,47,12835.249639,80
0xfdb03a2574e9e7d1c77d9ed752d99cdf25c3db25,我爱小姐,0x1404109f8cd4a79a0447365edbb7a13acd0b2f27,4.459305839693214,,0.5925594451261074,0.1,3900.846704,0.0,False,False,False,27,31566.828668,12,31566.828668,65,31566.828668,46,31566.828668,61
0xda51323fe9800c8365646ad5c7ade0dd17fdc167,Citadel,0x92d3acdf0484a6a8baf6fe3676b23af7cdbdbc98,0.6564615549401789,,0.2304074134295833,0.1,596091.463538,0.0,True,False,False,67,596525.477351,14,596525.477351,61,596525.477351,46,596525.477351,72
0x29b98aaf8eeb316385fe2ed1af564bdc4b03ffd6,MOAS,0x3e502cbaf8a3578f06b295b94993caaee5923ffb,0.01024817693576942,,0.9127039767573704,0.1,134953.728184,0.0,True,False,False,84,135866.57521,13,135866.57521,66,135866.57521,47,135866.57521,71
0x10a297228eae79617e5873dd924b6aca1ad33c74,Bolivia government fund,0x6f83ab8890ed38bf38a31010aa9a5e9ca743bfad,0.7774943201270914,,0.4967269438988708,0.1,29535.621239,0.0,True,False,False,53,32151.977014,13,32151.977014,65,32151.977014,40,32151.977014,45
0x7e2f88a4a337e1b86126f3c1e20cb1e5ccbb6120,Quebi - Apex One,0x10c8d5127153f1a4a9b30356302556be3020d75c,0.0,,0.9999999998926188,0.1,1502.259727,0.0,True,False,False,109,1602.259727,13,1602.259727,62,1602.259727,44,1602.259727,57
0xc305d42209e322fda5a090ebcc547c8480079dfd,Winners average winners,0xf49ec27f278295b94d7c3badaaa954f0af278fe0,0.0,,1.0,0.1,901.993136,0.0,True,False,False,13,1001.993136,13,1001.993136,63,1001.993136,45,1001.993136,36
0x257acedf61ffd72abfcde8332a13a1d015930051,[ Sidelined ] Market Neutral 2: BTC Maxi,0x5797f35b2a81669e85fa8f3ea8816f7054ad1dd4,0.19183878637572738,,0.8484907027554243,0.1,28692.721271,0.0,True,False,False,167,31897.58133,13,31897.58133,65,31897.58133,47,31897.58133,40
0x6494b2bb7d6c4a03642c6e192f1daf887532c3cf,Vanta Black (VANTA),0x57bda7d0232f2e0a372c27eb0389371d0bca52ba,0.0,,1.0,0.1,2662.940289,0.0,True,False,False,238,2762.940289,13,2762.940289,62,2762.940289,44,2762.940289,46
0xae08a2282d969bd0c4bf63a626ab8f8e6200022d,Storm,0x70e424703f5e8e7237ccdf04b4908379942b26a5,0.44632878513334484,,1.0,0.1,18429.041327,0.0,True,True,False,242,31403.665402,13,31403.665402,63,31403.665402,45,31403.665402,43
0xd9bce5c471ed7cbbe189b1f94a3497db7d4f39ba,hyperacceleration,0x7e1850cab0633a8c561195d3f1aed56e3a0ef61f,0.0,,0.05000000001387869,0.1,1270.858785,0.0,True,False,False,11,3270.858784,12,3270.858784,64,3270.858784,45,3270.858784,62
0xea36a5da68aaeea14f421cdfaaa85dee6b33529b,Crypto NiuNiu,0xde5e7b7d9d26a44767e2e4a49fcb8447f4553d36,3.3302074172565073,,0.9952530741580685,0.1,941.313366,0.0,True,True,False,106,1041.790323,13,1041.790323,64,1041.790323,45,1041.790323,41
0x8bb033130be354eed1110ce7228d7095f001d9fe,HyperNeutral #1,0xc6a06131c84c0c9d2d4c293c349be0c6d5112893,0.18005953343844755,,0.08629912688554367,0.1,16093.222586,0.0,True,False,False,53,71079.560336,13,71079.560336,63,71079.560336,44,71079.560336,44
0xf6d2c67b2c262d2cf2422fe88fd55782308b1015,cubee38,0x6bcccbcc8dca2669f6e5d00f9a8500fb5f146cd5,1.3789981523154646,,0.9999999998577283,0.1,995.981811,0.0,True,False,False,37,1216.897178,12,1216.897178,64,1216.897178,45,1216.897178,63
0xf0286a17a720c260c53119757166a4358ab3e422,Shorting,0xf3cac0bde469b42a349ed0ce994a90e7c4a2c606,0.0,,0.9999999999999982,0.1,17656.658618,0.0,False,False,False,25,17756.658618,13,17756.658618,65,17756.658618,46,17756.658618,90
0x58428d381ee757303234b75545b3fddd6884de0f,Orange Coin Green PNL,0x116666178bd6cb3b27a47760fa36e564fb37b95d,0.4179389449813076,,0.9981787856829434,0.1,2274.294842,0.0,True,False,False,20,3168.576376,13,3168.576376,61,3168.576376,44,3168.576376,50
0x4dec0a851849056e259128464ef28ce78afa27f6,pmalt,0x526178b96c8c5d7a4e4f76f298ec0170aa0d1d2a,3.2274853828951233,,0.14272342383873587,0.1,431627.955442,0.0,True,False,False,21,575222.115442,20,575222.115442,59,575222.115442,45,575222.115442,76
0xae6b807ec47e0b7900d1fe2a53885b4602748b03,VaultBot V2,0x1d6dcb838d0edc5d7bf09e5c658adbfb19a7234b,0.587448934909021,,0.21808118392485817,0.1,110059.120654,0.0,True,False,False,236,110635.997794,13,110635.997794,63,110635.997794,31,110635.997794,49
0x7134175861043316e15465c73374518bfe78ee50,DSV,0x6bc241d88994c48f8af241b7f36d07dae902eafc,0.0,,1.0,0.1,900.12747,0.0,True,False,False,22,1000.12747,13,1000.12747,63,1000.12747,44,1000.12747,42
0xb4d96c7387a45fa2cb170fa1436a86640ab00eb1,shortStragey,0xf11d3e9114cf851c4e171178bb6436fe2aad1531,0.07362802514825813,,0.10030993413308714,0.1,28307.59587,0.0,True,False,False,13,34799.09466,13,34799.09466,64,34799.09466,46,34799.09466,42
0x6010343185f04f99df5f8f4bcc949017c383b2c6,nukers on top,0xe6626effae4ff622b2ae03adb4b00aaca5d537f6,14.043194532058678,,1.0,0.1,64610.014023,0.0,False,False,False,24,325316.394231,12,325316.394231,32,325316.394231,12,325316.394231,33
0x565b1c32936bdaa526947178acc95c5b08cfacc4,Mad Scientists,0x77eea13a1146a77e637a0a5ec181d0bff8629ab4,2.490396955055849,,0.5521680068069602,0.1,11643.831376,0.0,True,False,False,27,14561.687928,14,14561.687928,62,14561.687928,44,14561.687928,45
0x85c283314f517a2b3a526385f99591e536dd63eb,wagmi22,0xfde0618dda34c50ac169adaf4658ecd34b51ff5d,0.0,,1.0,0.1,1913.977752,0.0,True,False,False,11,2013.977752,13,2013.977752,63,2013.977752,45,2013.977752,101
0xd914c5164bc253676386269d90dcf56b441cf75b,Tortoise Fund,0x8f300feb1180c149b88e9a2473fc38e0d2d75db3,0.9666339968586053,,0.06814530909257499,0.1,145337.649017,0.0,True,True,False,29,158461.678163,12,158461.678163,63,158461.678163,45,158461.678163,46
0x0e9552677d5015bc06bb185e14baaa1acdfac7af,SamadiCapital,0x951a8c598ee7aeb291f3024ca65c34264de4d202,0.3442278725553209,,0.08160507118615135,0.1,0.0,0.0,True,False,False,12,1120.341548,12,1120.341548,65,1120.341548,31,1120.341548,52
0x5e3e83cf2fba6e57586a73a5fa3643507c82f8b2,Rising Star,0xe30b1ff9f32de9e64c841b79002d5c1dad990302,3.5117671361717457,,0.4296253633779346,0.1,16986.416031,0.0,True,False,False,17,22992.54598,13,22992.54598,61,22992.54598,44,22992.54598,42
0xac02cf3af4094acb8558bb2d84ffd5f3d45c0d17,3xBTC脉冲,0xf1c02207947ca2777b7da4bca869f765de1b8634,2.3181426784294725,,0.879429867629861,0.1,134.278665,0.0,True,False,False,89,19824.311665,12,19824.311665,61,19824.311665,45,19824.311665,44
0xa0cbceaac4dc736c457b7c340865695e2b3d0fc9,100x ,0x5dd032fdd7811e98f2d94bd1991f6d730716119e,1.9258112497307376,,0.058756439481040416,0.1,108542.078952,0.0,True,False,False,26,128319.990674,12,128319.990674,62,128319.990674,45,128319.990674,36
0xb7e7d0fdeff5473ed6ef8d3a762d096a040dbb18,Sentiment Edge ,0x3b290def8e0b287a2c8ac0ae1ab31642caecc7e7,0.08091243683897675,,0.15347059360138968,0.1,8494.657271,0.0,True,False,False,14,172134.782312,13,172134.782312,63,172134.782312,45,172134.782312,59
0x1fec994c4dd99e126643698ae6b3253cef5ff3d6,Picking Winners,0x2d716aaa439385ca5264c5d254fed93fe1523985,0.9538807570448076,,0.9835519630827881,0.1,73994.521547,0.0,False,True,False,220,143340.268168,13,143340.268168,66,143340.268168,47,143340.268168,34
0x4078582c42fdb547b1397fabb5d5a4beab81be9e,Hyperdash Vault #1,0xe966a12bf7b93838096e4519a684519ab22df618,1.1644403909429828,,0.2240739982268922,0.1,126506.651813,0.0,True,False,False,171,137616.368387,13,137616.368387,66,137616.368387,47,137616.368387,65
0xa5b1bf0579eb8463be37f5496e3e8878a63c5da2,UpDown Fund,0x6eefbfb09cdc6d0e44130b6ee355c61352b5ac96,0.09103896678145262,,0.9425243081465242,0.1,2499.576919,0.0,True,False,False,24,2694.816245,13,2694.816245,63,2694.816245,45,2694.816245,50
0x65aee08c9235025355ac6c5ad020fb167ecef4fe,BULBUL2DAO,0xf230daae38627c46367334a7494dc37861b4d3ef,1.9780391450916897,,0.17041593683982886,0.1,40766.196746,0.0,True,False,False,22,91179.859322,12,91179.859322,61,91179.859322,43,91179.859322,68
0xc497f1f8840dd65affbab1a610b6e558844743d4,hidden marko fund,0x0635aedc940be2f3961a6b98df118d26e1d2095b,3.008071132566456,,0.9986624708103355,0.1,127551.605846,0.0,True,False,False,222,154259.274326,15,154259.274326,63,154259.274326,46,154259.274326,43
0x21edf2d791f626ee69352120e7f6e2fbb0f48cf1,AILAB TEST URTRA',0x4692441b5a9e26a690eea6d2f36139679add737b,0.032555459337017006,,0.7276174405975243,0.1,332570.414149,0.0,True,False,False,249,412369.573073,13,412369.573073,66,412369.573073,47,412369.573073,44
0x6797832355ccd0fcf51c7aca312f291c0e5f7ebc,Lobo_SRF Copy Trading,0xb1006427288a339ae6d678bef5cb2cb82e31f7d7,0.9032603468267149,,0.9999999998605472,0.1,900.898409,0.0,True,False,False,92,1000.898409,13,1000.898409,62,1000.898409,44,1000.898409,41
0x86b41571425e833968778ece4e8a4d89d67c69b3,BTCbotic,0x146d21473dbd19fa18bd1b41aa4712ea2cd8a1de,0.0,,0.39022506757204667,0.1,2141.850719,0.0,True,True,False,170,2398.113087,13,2398.113087,62,2398.113087,44,2398.113087,39
0x3b4f22366857da94f9346f88eac84718c8a8d48d,Jay Pennies to Jay Dollars,0x20a510e57a5d17fd0a07d4d7435db2854ea5ced0,0.012595163820118493,,0.920748803253206,0.1,174102.295092,0.0,True,False,False,16,174999.04611,12,174999.04611,65,174999.04611,47,174999.04611,53
0x697bc3dd77539fa84156d0e1c95287ea5524fd6b,Probot 5/9/12,0xce741d86bff090a94740f81a80bbb6a335e0271e,3.2605522726061453,,0.10249269772537656,0.1,24836.240621,0.0,True,False,False,182,37551.225714,13,37551.225714,60,37551.225714,46,37551.225714,43
0xc1d8b546b373a37c9903ccc673ee1b4c4a133ddb,Watchme Vault,0xe214d44dddc32c1a6fe6d930c66498a69d2eee70,2.8465494842266543,,0.24131539373321775,0.1,85.383164,0.0,True,False,False,21,3234.272946,13,3234.272946,64,3234.272946,46,3234.272946,47
0x057236927e2e2c8b3cd595746a051687ba40d1cc,OnDitMerciQui?,0x671ac0f3cd0f450b12c50c5b0891dbc4dac80d73,1.8439675682600218,,0.9952268223330353,0.1,828.501019,0.0,True,False,False,13,1116.740019,12,1116.740019,65,1116.740019,46,1116.740019,72
0xa04cc046c32dc706c65324ae6352d3d78e0c2013,Templo Capital 2,0x69906b0ed626ca01a4b7c001e5711e5714ccf207,4.027772252257456,,0.5931006411414794,0.1,40253.38948,0.0,False,False,False,48,40421.994929,12,40421.994929,62,40421.994929,45,40421.994929,46
0x6ee75f1da817dccc144498b8a958d1199ae040d3,Spiffy,0x69443708e5135532d435b7d1a3b7e6bdc481a800,0.5350123651074208,,0.9688705291990191,0.1,43138.393727,0.0,True,False,False,11,43241.606692,13,43241.606692,62,43241.606692,44,43241.606692,39
0x131ab0c5032079bb9286ffc1828e11d5931e77bb,[ Tachyon ] HYPE ,0xdc6e251c82e1f1ae93a219822f7b39b445028cb7,0.22645918704055829,,0.9812825297483316,0.1,51665.195177,0.0,True,True,False,69,52380.084113,12,52380.084113,64,52380.084113,46,52380.084113,33
0x9b5b1931fa5838a891973f9877c7648c93ee80cc,Growi HF-2,0x7789450871fb1315fa982ccb8039cb34e8f2f60d,3.999721996574345,,0.39392057404752734,0.1,307824.524576,0.0,False,False,False,244,320574.839567,13,320574.839567,63,320574.839567,45,320574.839567,57
0xf9c7f25adabc40c6ed5a53b018ab0175f9f38c30,Smart Swing Concepts,0x3a5401ea61d6b242e2e6e99553a94722a36bd629,0.696356952,,1.0,0.1,2016.059492,0.0,True,False,False,33,2116.059492,12,2116.059492,63,2116.059492,20,2116.059492,63
0x4d0f0bf1172e9e5a6710edf500c920a151555ac2,Trader Gaul,0x4842dcb1c7d108a91781305d8ea233ceebdba8e3,0.4003765950192754,,0.8478216310728028,0.1,1206.123529,0.0,True,False,False,24,1324.072867,13,1324.072867,61,1324.072867,44,1324.072867,50
0xd2f03635901956b950737bbf02463dfad9f2e9e1,Gucky_1coin_1dot5x,0x146d21473dbd19fa18bd1b41aa4712ea2cd8a1de,0.9935260614725564,,0.05133191794201447,0.1,75536.007385,0.0,True,True,False,182,100439.768497,13,100439.768497,63,100439.768497,46,100439.768497,64
0x3bd6460a3782a80fa9331e65e4c2952795a86228,500 to 1M,0xfdfb306dbff80664bd1f61699089ddead7d7dbb9,12.05323102825922,,0.9999999999320133,0.1,100322.239551,0.0,False,False,False,46,100422.239551,13,100422.239551,66,100422.239551,49,100422.239551,82
0xa877d8ba0fc2f3facd95c73acd24a44ab1ae2838,Profit Gambit,0xc2cdf392ce2a67df8773493a2f12f17db16a98bb,0.7360313092098766,,0.3831955223658055,0.1,2058.929188,0.0,True,False,False,154,2319.892571,13,2319.892571,63,2319.892571,45,2319.892571,45
0x2ed5c4484ea3ff8b57d5f2fb152a40d9f2b68308,HLP Liquidator 4,0xdfc24b077bc1425ad1dea75bcb6f8158e10df303,0.0,,0.9999999999999997,0.0,999900.0,0.0,True,False,False,184,1000000.0,12,1000000.0,65,1000000.0,46,1000000.0,33
0x18117bdae1396d2e7cb9c57193c46da096e217dc,COPE AND SEETHE HEDGE FUND INU,0xc656523bb3324b11eb83f431f467468bddf88eb5,3.163731754709598,,0.43634845866242356,0.1,9519.545264,0.0,True,False,False,25,12025.489868,14,12025.489868,63,12025.489868,31,12025.489868,51
0x8c7bd04cf8d00d68ce8bc7d2f3f02f98d16a5ab0,Archangel Quant Fund I,0xe2422bca1570e1b1c352164b0b41dae434035f6c,0.4480302027625125,,0.2968023843306973,0.1,215863.821284,0.0,False,False,False,81,222893.83295,13,222893.83295,60,222893.83295,45,222893.83295,38
0x5ce0ce4387679de0335a3e8a1c9a7abb4f150a71,Bunny,0x51a8f30ac5b08a8ebf4ccb702a7df102a4e56439,-0.00018767543837719183,,1.0,0.1,1287.158511,0.0,True,False,False,13,1999.614651,13,1999.614651,61,1999.614651,23,1999.614651,64
0x9a28b01435ca5c4b39a79ae2c27fce01292a7f39,ASTEROID,0xceec9c279d4f79e1b43cb23014e17a8c34e6793a,0.9415143476574533,,0.10721988296892819,0.1,360165.103979,0.0,True,False,False,243,368821.233251,12,368821.233251,61,368821.233251,45,368821.233251,36
0xe6b679488d19045a5e4cf7815e35ddc98d0479fa,BTC AUREX,0x9ce58158d8f1d253a863f27e16db1617279fe804,0.2692009688359504,,0.4132571389871134,0.1,8117.252809,0.0,True,False,False,194,13926.876134,12,13926.876134,63,13926.876134,45,13926.876134,48
0x07fd993f0fa3a185f7207adccd29f7a87404689d,[ Systemic Strategies ] L/S Grids,0x2b804617c6f63c040377e95bb276811747006f4b,0.023340912885863145,,0.21251944864524278,0.1,1634232.617364,0.0,True,False,False,188,3161552.543118,15,3161552.543118,59,3161552.543118,48,3161552.543118,62
0x74469b37ec1bb781d62ad69b148107974826b132,Berserker Capital,0x34a02b19146e2774ee295c2eefb22ccc0ab49538,3.313538103298268,,0.9999999999999999,0.1,1769.117704,0.0,True,False,False,31,3226.817704,16,3226.817704,12,3226.817704,8,3226.817704,16
0xbe421ec5af0be9ea2b2a53b38a089ee352c9f325,Super Moon,0x25a5ededa518c9c5ac2d57ae5e0ed5a97973c625,0.36648251045186153,,0.07220049331379476,0.1,15011.83927,0.0,True,False,False,21,16396.871358,13,16396.871358,63,16396.871358,45,16396.871358,45
0x04c8e82bbd0a33d3179e767c262223f50e74f7d2,Danny Ocean,0x6d6a4b953f202f8df5bed40692e7fd865318264a,0.9137064598325187,,0.7985612823885853,0.1,18165.355551,0.0,False,False,False,14,19775.610482,13,19775.610482,65,19775.610482,46,19775.610482,53
0x77fee2df7bad4f1db93052fa82bf78eaab771a16,Realist Capital,0x288ed4efc8fbd1e42a06fe083ea942d20c90b336,1.6526136219824545,,0.970154811778981,0.1,49681.306135,0.0,True,False,False,32,49784.382468,14,49784.382468,60,49784.382468,45,49784.382468,58
0x23ac3677e37752cea9484ca0340632bf09c1f7d6,Milkyway,0xef87f42eec6a0de629d5e2d7d740cfa115c1008e,0.42396835799822796,,0.9999999999572017,0.1,4491.73147,0.0,False,False,False,73,5192.955934,13,5192.955934,66,5192.955934,47,5192.955934,40
0xd5ba7b812a861811f9b1aaac3c9cb4134e9ec6ae,Pew pew,0xd9c2eb244530bc6387b8434417d4e4c5a5d10672,0.5518708597683573,,0.2735748156179085,0.1,2333.535197,0.0,True,False,False,17,2699.065919,12,2699.065919,64,2699.065919,45,2699.065919,34
0x115849ce84370f25cadcf0d348510d73837e1aa5,Orbit Value Strategies,0xf292b42e6167e0d591449ebd67d2e989a3479edf,0.623237952494272,,0.052042342390450386,0.1,2712979.910812,0.0,True,False,False,53,2976176.434812,15,2976176.434812,62,2976176.434812,47,2976176.434812,43
0x494b62d7dc3b0b221fd6149f4b15374736219c05,HTFV,0x1e2235fc6b984d9061d90a622b9ca6a4802696c6,3.173759342684557,,0.071,0.1,86943.179753,0.0,False,True,False,13,110452.681053,13,110452.681053,61,110452.681053,44,110452.681053,32
0x73e5c11a8a9820afb1a25aa89787ba025b84e60e,WDA | MCLS,0x7ab9d12f35de442a5c88687883691fb387e8e4aa,1.2415123702034254,,0.6357518394814714,0.1,25588.014304,0.0,True,False,False,217,28862.80426,13,28862.80426,62,28862.80426,44,28862.80426,57
0xd4d0ef58b958e7a142baf6be341d14d017cfe31a,RealSolKing,0x7a7578a72c66223cb9ff8057a4e40a14f7bd3524,0.7449279426997204,,0.44553419025534935,0.1,1952.362153,0.0,True,False,False,184,4712.24975,13,4712.24975,64,4712.24975,45,4712.24975,47
0xac9eac820f3f9d31bd52111e00553a4ab2797994,OnFOMO.com,0xb838e4d1c8bcf71fa8e63299d5aa3258c83d6adb,3.7561365199925314,,0.12483800414114173,0.1,23647.015129,0.0,True,False,False,64,42062.689034,12,42062.689034,62,42062.689034,46,42062.689034,47
0x58be3403f05d25f224593717feb69f175973bbb4,Prudentia Asset Management,0x69e0d05f2e469da10e4192eaf228dfb34d2c5d4a,0.29855544,,1.0,0.1,924.87962,0.0,True,False,False,161,1024.87962,13,1024.87962,61,1024.87962,43,1024.87962,43
0xf6c9920ed329d1f49d8ed90d406a7ac0aa62d8ba,AI Alpha,0x6adf7f2797312a0823f79104a644e156b1143ec7,0.06449532739876489,,0.976249805016026,0.1,4977.546944,0.0,True,False,False,26,5079.979743,13,5079.979743,64,5079.979743,46,5079.979743,57
0xa6b72ea0ef4542d520aa78f8d749ab4f2714b63d,DH-Funding Rate,0x725afdd376503910e004733fca22b7505c445c03,0.044433428006255646,,0.9633274945527408,0.1,6788.474706,0.0,True,False,False,72,9920.882426,13,9920.882426,64,9920.882426,45,9920.882426,49
0xf2f503be514a09ed4a712be7f8f7a2b6ac91e724,sexy pairs,0x4577d927a39ea40c024ad81c0ce15959176346c7,0.8443231623529412,,1.0,0.1,1880.775405,0.0,False,False,False,14,3639.224896,12,3639.224896,64,3639.224896,33,3639.224896,52
0xa1b6d8efbcb2fb750a84dbc05649fa4968034f04,PF1,0xb5e32ad7740f86346503352c53aabcb154cfa3f9,1.1519006567432644,,0.07089183086236393,0.1,117437.870482,0.0,False,False,False,12,167979.752473,13,167979.752473,63,167979.752473,45,167979.752473,46
0x61b1cf5c2d7c4bf6d5db14f36651b2242e7cba0a,OnlyShorts,0xdaffbc69a0be655469257b43e1ceffb5eab920c0,0.47905214485013237,,0.1448128983288078,0.1,450387.105437,0.0,True,False,False,121,899903.401067,16,899903.401067,59,899903.401067,44,899903.401067,35
0x85ca1b6203b4eeebeaab1ca2ed77ca9d439539a0,Good-Day,0x79067d8e506fe735e869daa0ed0e4b1d51e05c50,0.12569237935040015,,1.0,0.1,1829.215627,0.0,True,False,False,17,2127.330889,13,2127.330889,62,2127.330889,44,2127.330889,69
0x394c57ac43a9cbd5fffce1c7e681c650154a2b0b,L/S Momentum Strategy,0x8edc709600798d3a8d815c04161c4caaebd309b5,1.1420021139186416,,0.7914302217414543,0.1,4690.515892,0.0,True,False,False,232,17173.707411,12,17173.707411,64,17173.707411,47,17173.707411,37
0x5f116edf56d2bdf6fd9a07990b3d1dcd028e2c16,Agartha Capital Partners,0xa9f849dc1921a20ed448f30821ee1980add8a507,5.699643425100095,,0.5033462294492778,0.1,888.519153,0.0,True,False,False,145,2046.525103,13,2046.525103,60,2046.525103,46,2046.525103,45
0x43eabf1421922d658e80cb5f7c4a65e6cfc697e1,Wall777,0x19d4dc60d8f726e1c7eb513a82f631694c4437c8,0.4549230243731647,,0.11713858563833253,0.1,34201.281993,0.0,False,False,False,13,55301.081993,12,55301.081993,66,55301.081993,47,55301.081993,43
0x0a8499b5e925d95badc893ec7f0b1613e08f6d7c,Order Block Hunter,0x6de9bdf1f2d01b7e51bb97abba12c1e37c88dbf1,0.9140359093932247,,0.13768601670156808,0.1,11245.992371,0.0,True,False,False,240,11972.282538,13,11972.282538,65,11972.282538,46,11972.282538,44
0x2e1aa0af4d30673987b938e56fe5023b75cdfeb6,test1-ggfjy,0x5e11dec6178fe3f8c8c54226a2ad3eafc67bf8c3,0.14044776471954218,,0.12126995419675025,0.1,6327.917242,0.0,True,False,False,15,12447.734619,13,12447.734619,66,12447.734619,47,12447.734619,43
0xdda7f4805dfdf145a74cd68992d90780f73cf6c7,Gen Wealth Algo,0x742052556204359dc1e7d9a13fd87a420809028c,1.2944558296422768,,0.7851581060260588,0.1,4857.65435,0.0,True,False,False,153,5276.106388,12,5276.106388,63,5276.106388,42,5276.106388,47
0x5e177e5e39c0f4e421f5865a6d8beed8d921cb70,HLP Liquidator 3,0xdfc24b077bc1425ad1dea75bcb6f8158e10df303,5.747878547326295e-05,,1.0000000000000002,0.0,999900.0,0.0,True,False,False,187,1000000.0,12,1000000.0,61,1000000.0,43,1000000.0,32
0xb0182faef091c6c02408296d4b8af831a2c6b461,Stone28^旺角,0x6fb04ff5687fc8229ecea7288935291527f9515c,0.0,,1.0,0.1,911.875868,0.0,True,False,False,245,1011.875868,12,1011.875868,62,1011.875868,45,1011.875868,38
0x7833b1d61c016fefaa52a1da509b6daa2fbfd71b,Hype $1 Club,0xdeee57b798fe35cb5ac43acabea36e159ce29694,0.7433200806688824,,0.13793103448275862,0.1,5489.214669,0.0,True,False,False,33,6369.361893,13,6369.361893,62,6369.361893,44,6369.361893,46
0x07cf7beae7cbff5c199bd5ecaa30965c879a6225,Degentleman's Fund,0xffcf528abd4205b9c4666ad569a19f2d8b59b243,0.6097185968065663,,0.9999999999999998,0.1,1705.927525,0.0,True,False,False,235,2468.629785,13,2468.629785,65,2468.629785,46,2468.629785,49
0xd57c9295947b5a616a3933344ef03a1ad67318ea,LowRiskCryptoGainer,0xffc8abcd5170b6c106695c8a4a795596b3015542,1.5259088581752094,,0.0659567038459618,0.1,127028.455331,0.0,True,True,False,32,134573.145052,13,134573.145052,64,134573.145052,46,134573.145052,85
0xed2a42cd8b544d78cf48a10707394337bb60178b,Ghost Land,0x164c66a329ffc2cc86972bc4b87a7bbb42a431e7,1.0590254098095429,,0.17509284794833793,0.1,2792.074084,0.0,True,False,False,49,3363.199639,14,3363.199639,65,3363.199639,23,3363.199639,70
0x9ce25db757351d29a1ee1ee34d73a263dcb33fbf,Robustos,0xe82d515dbee8d14149a55086318f339d449482f7,0.0646599497673089,,0.08139931836912033,0.1,16364.934935,0.0,True,True,False,112,35449.648566,13,35449.648566,63,35449.648566,45,35449.648566,40
0x3df9769bbbb335340872f01d8157c779d73c6ed0,Trading Strategy - IchiV3 LS,0x6389c448e4adebf770590142b685402449b9eab2,0.5645153257959772,,0.18014605087345004,0.1,12598.624942,0.0,True,False,False,28,25891.289295,13,25891.289295,65,25891.289295,48,25891.289295,38
0x7bf5d9951f1a7a925fec839bbdc01a0aa8bd34ff,Black Whale Fleet,0x06b73eb5d58c294d18d3d72b9bd95d7926504cab,1.566148535291978,,0.052548927650522596,0.1,7149.276302,0.0,False,False,False,21,9052.264707,13,9052.264707,62,9052.264707,47,9052.264707,48
0x71a8314c2a2bbefeaf3171b6100864903110d395,High IQ tec,0x417e8accdf7707af31c581d0325382580ad58dbd,2.387398675409836,,0.999999999252269,0.1,301.173565,0.0,True,False,False,11,1081.749149,12,1081.749149,61,1081.749149,34,1081.749149,42
0xc26aad50fc965758414715d28a05b0607db103e4,Hyper2,0x2827ed2c66452690038628423b462900e07fcfb7,0.3171856640777158,,1.0,0.1,3362.616032,0.0,True,False,False,13,3555.232234,12,3555.232234,63,3555.232234,45,3555.232234,43
0xae8da1fcab050318c5c1f015cb8f9a510d0e3254,Hyper 3,0x2827ed2c66452690038628423b462900e07fcfb7,0.36152125449768,,1.0,0.1,3057.854604,0.0,True,False,False,13,3157.854604,12,3157.854604,62,3157.854604,45,3157.854604,43
0x53db4c1fddbede086812529c104e47f18315179b,SkyDAO,0x7b484d9e01de73a6c5ced7b8d9a8e03558c9121e,5.423004416026421,,0.20094377872839855,0.1,5031.085371,0.0,True,False,False,12,5528.737006,12,5528.737006,61,5528.737006,44,5528.737006,46
0xe438e2d09ccb8e4728fc3a0a85f3cd868efcc04a,Hyper6,0x2827ed2c66452690038628423b462900e07fcfb7,0.7233843313711535,,0.9715722973366824,0.1,3068.540818,0.0,True,False,False,13,3581.495088,13,3581.495088,64,3581.495088,45,3581.495088,44
0xd57e4dde8d6db4843b003f700264d95657f44162,Wino,0x7f85cb830dbf4a25ec5c285e74aca5ca135bb9ca,0.37831947847993685,,1.0,0.1,10003.947785,0.0,True,False,False,91,10103.947785,13,10103.947785,63,10103.947785,45,10103.947785,47
0x960cebcba55d6d282d9000e355e6ddbad6734cff,Slow Stable,0xa135f4d9b714e63d1406aed140c215598b003118,0.8464151142000287,,0.9999999996872322,0.1,2423.286269,0.0,True,False,False,11,2618.169741,13,2618.169741,62,2618.169741,44,2618.169741,43
0xafe52e764a7997670deccffe056312781dd5925f,Hyper4,0x2827ed2c66452690038628423b462900e07fcfb7,0.5727963601170004,,0.971300460604246,0.1,3169.036201,0.0,True,False,False,13,3526.771687,13,3526.771687,63,3526.771687,45,3526.771687,43
0x4da3f5a22c3f8b402ec21c6783c64a779dc5f205,The Low Risk Vault,0xa1a28078ef0637e8a0fc3fdd788afd19b75991a5,0.17159501100000002,,1.0,0.1,3957.198337,0.0,True,False,False,63,4057.198337,13,4057.198337,61,4057.198337,27,4057.198337,45
0xa3bd32c7e91ad92eaffdc0d5bbdb0031073133b9,The Bull,0x2ea6cb5d1bfabfe8c30ae832431ed9ddd69abd66,0.783240951753054,,0.7522029835809155,0.1,740.470492,0.0,True,False,False,56,1193.770492,12,1193.770492,62,1193.770492,45,1193.770492,47
0x08dcbb771f997544f2015f8530e50a234ab71818,DaoScience Quant,0x211ffa28cd3b74fbd455954a2f6983d9627c453f,0.7106948126839008,,1.0000000000000002,0.1,7893.63811,0.0,True,False,False,16,9676.397747,13,9676.397747,65,9676.397747,35,9676.397747,44
0x632e2c22dd4fb62779871135491eb537e5698672,Neucap Asymmetry Strategy I,0x52f4127f039a06be0c66b7304aa72d0f58d18edc,2.1281860187073027,,0.6342729757308353,0.1,2033.188712,0.0,True,False,False,191,2190.849536,13,2190.849536,62,2190.849536,44,2190.849536,39
0x131398cf559514af8531ce246de9817decb4bd90,Relative Value Strategies,0x12821099227acb6c7ba9f87716b50285276e411b,0.0435140148,,1.0,0.1,8044.194679,0.0,True,False,False,181,10036.261679,13,10036.261679,65,10036.261679,37,10036.261679,41
0x86e64df33ad85456a7ca5d7363bfa6479f87d861,Volatility Farm,0x7e5db68598b899cb6684e5e8d4c8147bb4a06f50,0.554301668916517,,0.45613123335088807,0.1,1735.9852,0.0,True,False,False,40,4502.79907,14,4502.79907,19,4502.79907,8,4502.79907,21
0x3e2bac5121499410c4020cca55c94e3afb141e0f,0xBTC脉冲,0xf1c02207947ca2777b7da4bca869f765de1b8634,1.0251493039674184,,0.9836714058924739,0.1,177.747782,0.0,True,False,False,74,15998.938592,13,15998.938592,67,15998.938592,47,15998.938592,46
0x31edd7da5efb03b3ce15ab4edb2a94d680a079e8,Liberty & Humanism Capital,0xb8b00a5581f43a35a759d3c7280994ddf1736355,3.1757443189045182,,0.999999999246428,0.1,459.668022,0.0,True,True,False,243,1800.078996,13,1800.078996,66,1800.078996,47,1800.078996,37
0x595b9ab3c79e0e784b8945e0bbd8195ed84e78fa,Hyperliquid Evergreen,0xc774df28c4e5977ee6841c7fdd14287f8c3a45ac,0.11174054621757179,,0.8638104111592347,0.1,2834.923263,0.0,True,False,False,27,2950.689406,13,2950.689406,61,2950.689406,44,2950.689406,42
0x30f14b7169c657a03d0b6c722b969bee04b8f642,ETHbotic,0x146d21473dbd19fa18bd1b41aa4712ea2cd8a1de,0.04155274636288308,,0.05259796975534832,0.1,7630.200104,0.0,True,True,False,171,9531.414171,13,9531.414171,67,9531.414171,47,9531.414171,42
0xa217ebd654f5561ca972df0f07a53ad5d1241654,tkr,0x246b58b28ac5dc304b7a4d0fc31fea5c4d40fe02,0.10439693327386565,,1.0,0.1,909.409177,0.0,True,False,False,10,5360.038789,13,5360.038789,64,5360.038789,28,5360.038789,48
0x4944589914a1ddef29f5f1f2094cfa212a3a3d20,AI ATM,0xaf253ebf2c4fea2858df3cf89e46939a96877e5c,1.0412315524836702,,1.0,0.1,725.493821,0.0,True,False,False,38,8585.042731,13,8585.042731,61,8585.042731,23,8585.042731,63
0xd321ad79041bdad719ba5ff42fe950e1977df439,Agent RockSteady,0x89bd1d5194843cb2358ae4e5fe51e937b7506227,0.20227154355936144,,0.05831294137394938,0.1,3101.096101,0.0,True,False,False,214,6177.798435,12,6177.798435,63,6177.798435,45,6177.798435,47
0xc94376c6e3e85dfbe22026d9fe39b000bcf649f0,Vault 3,0x3fc6e2d6c0e1d4072f876f74e03d191e2cc61922,1.196416927653982,,0.15727016491670065,0.1,7844.642978,0.0,True,False,False,38,9946.527654,13,9946.527654,64,9946.527654,46,9946.527654,45
0xa415c4ded17cac76a1d81a54d9f4aeb48ffd4dd0,BitRocket,0xf9f9ae20f5206f7abb7d3aff5a2907543d1ceb14,0.4317770798943558,,0.06104173228125564,0.1,7710.060149,0.0,True,True,False,181,12454.471607,13,12454.471607,64,12454.471607,45,12454.471607,57
0x152a8bfb92d3ee5fa0c89321695d1fd385085f90,Snipe trading Bear market ,0x9ab020fd91d6909e3d0cbf6c078f8b8163836c06,1.7865327841191068,,0.9978611760274555,0.1,10635.995063,0.0,True,False,False,37,11525.20315,13,11525.20315,66,11525.20315,47,11525.20315,47
0x3eaf61e9ebe3edae184c14841d5bb8203611d96f,Crypto Czars - Road to 100k ,0x17b4bf0ab3ce0dc0d42d2d2180230b765f39d471,0.8294771030491279,,0.9860319097007214,0.1,7553.590272,0.0,True,False,False,115,7655.006868,13,7655.006868,53,7655.006868,17,7655.006868,53
0x8a9a47409a7d69bedd5354676f1adf37e1dce9b4,Count Compound,0x73de365d5b22166faa5b3ffce73b93ad172356d3,0.9428945853641446,,1.0,0.1,1216.256464,0.0,True,False,False,250,2406.365068,13,2406.365068,62,2406.365068,44,2406.365068,46
0x1cddd9825008192d74357867e0712ce1d39acb18,The Wick Busters,0x30c660b95574c4f2ec5bce8b1338483f66b28b77,0.38677382159435114,,0.8244117076511039,0.1,584.24976,0.0,True,False,False,192,1401.78888,12,1401.78888,65,1401.78888,47,1401.78888,44
0x8e72bb69abd6f0cf7907fac5ad6fb3f66870e0c6,Hyperliquid Banana,0xc774df28c4e5977ee6841c7fdd14287f8c3a45ac,1.6578793890256474,,0.9782616869387362,0.1,4398.497485,0.0,True,False,False,24,4585.219061,13,4585.219061,62,4585.219061,45,4585.219061,42
0x34ad1f870b8a4095a46effb093fa3bf70c121f5e,Hyper5,0x2827ed2c66452690038628423b462900e07fcfb7,1.7077839745289185,,1.0,0.1,3270.032765,0.0,True,False,False,13,3568.178633,13,3568.178633,67,3568.178633,47,3568.178633,44
0x3a6747c8e913085e243a2c22d188dafa8c6a612a,Gucky_2coin_1dot75x,0x146d21473dbd19fa18bd1b41aa4712ea2cd8a1de,1.2937140453650966,,0.050022771395147374,0.1,16192.564073,0.0,True,True,False,182,23167.811037,12,23167.811037,64,23167.811037,47,23167.811037,60
0x58d56b6021189a3aa143a793fbf7daeec27a1929,W for Wizz,0x98ce85f1ec368ee5fce0602b2fec32eec5ede4bb,0.11055044096958004,,0.057928023689219905,0.1,207.162841,0.0,True,False,False,19,1933.443035,13,1933.443035,62,1933.443035,44,1933.443035,42
0x08b320110b0b9eefcd76fa19b82be093370b0bde,Long ETH. Short ETH Layer 2,0x562d5c53a785504c01279baee34bfffc12d6d4ee,0.6120390676962827,,1.0,0.1,1816.986062,0.0,True,True,False,152,2284.437093,13,2284.437093,65,2284.437093,46,2284.437093,49
0xc71f5a493b937e4b1798b86510630336a6dfd804,Wild Money,0xfdd97214861228f522ca1368db172f0f4a92e3fc,2.8583271371515284,,0.3114682890694038,0.1,1990.498647,0.0,True,False,False,97,2315.577187,13,2315.577187,64,2315.577187,45,2315.577187,38
0xeaee3e55f8dde6779922166e1502887cebbb5f57,Acrypto.trade,0xf4150f64418eac01d7e7172b3259618194fc7268,0.8452938739754929,,0.23710835886872955,0.1,36835.780579,0.0,True,False,False,117,37257.52868,12,37257.52868,64,37257.52868,39,37257.52868,45
0xc3b1bf1f1e6fb8161ef4dc2f34e2c56f70b94b11,Cold Process,0xfca598f25c38f1836daf58104e4255d786b1c53d,1.9449658373265866,,0.911629754531271,0.1,1408.087954,0.0,True,False,False,212,1969.268179,12,1969.268179,63,1969.268179,45,1969.268179,47
0xf49a62e5060da5e75a5e98b3dd298a36250bbd87,AI Alpha Trend,0xef9e3f4a5feb7b248344f382ea55d71f44432ad1,0.3579076096545338,,1.0,0.1,3267.121683,0.0,True,False,False,102,3630.365203,13,3630.365203,66,3630.365203,46,3630.365203,63
0xacdd7f82fd113905f0549c5013be52fa1baef6b3,Systematic MR - Perp Futures,0xa50425b24ca32d61f840f425595a9651c3d177d6,0.05548776000000001,,1.0,0.1,904.62398,0.0,True,True,False,216,1004.62398,12,1004.62398,62,1004.62398,26,1004.62398,44
0x9fddfea2aa964248603f8c387f7c1f5f12c52baa,Elephant,0x51a8f30ac5b08a8ebf4ccb702a7df102a4e56439,0.452983338,,1.0,0.1,1044.202279,0.0,True,False,False,16,2075.497223,13,2075.497223,63,2075.497223,23,2075.497223,69
0xdfc24b077bc1425ad1dea75bcb6f8158e10df303,Hyperliquidity Provider (HLP),0x677d831aef5328190852e24f13c46cac05f984e7,0.00502217604967519,,0.0008502682794079213,0.0,146416830.173189,0.0,True,False,False,153,423143168.066059,63,423143168.066059,68,423143168.066059,47,423143168.066059,85
0x8a6594bfeff2573e09d7a73ded98b688a819b300,Morph,0x00000000002f3d928030df28cb15b27b56888b9b,0.2100271090909091,,1.0,0.1,853.571352,0.0,True,False,False,18,1119.252485,14,1119.252485,40,1119.252485,14,1119.252485,40
0x28a7339581f3e169bdfc9a2dec2f6d80c10719e4,ETHernal,0xf9f9ae20f5206f7abb7d3aff5a2907543d1ceb14,0.05132487586059288,,0.12866783217124733,0.1,1520.393206,0.0,True,True,False,205,2297.588238,13,2297.588238,65,2297.588238,47,2297.588238,36
0x152a06f737861b04e99691bbadf6166d64acb921,HindenShort v0.1,0xf870446173fef740719e66102e710e30cad569af,0.15965190104315108,,1.0,0.1,551.030956,0.0,True,False,False,153,3555.279555,13,3555.279555,46,3555.279555,15,3555.279555,46
0xf3a3ad04ff84484b02f08bbf11eecc01f9d78dbf,Hyperliquid Durian,0xc774df28c4e5977ee6841c7fdd14287f8c3a45ac,1.4577998131029113,,0.9698131622657312,0.1,3220.170554,0.0,True,False,False,24,3353.71098,13,3353.71098,65,3353.71098,46,3353.71098,43
0x48631100f223752644c33b10036dc1a0314ba69b,Hyper1,0x2827ed2c66452690038628423b462900e07fcfb7,0.6382526513136004,,0.9727849808221108,0.1,3515.952649,0.0,True,False,False,13,3694.113747,13,3694.113747,61,3694.113747,44,3694.113747,42
0x374b8890dbc7aef957ec44e9b80766118789f1a4,Hyperliquid Y,0xc774df28c4e5977ee6841c7fdd14287f8c3a45ac,0.781605512545908,,0.889561864720132,0.1,3490.325382,0.0,True,False,False,19,3652.115173,13,3652.115173,67,3652.115173,47,3652.115173,44
0x364cc6835bf27c197a258d002e1cea8ffdcd5b4e,Dinoshi,0x37f76af261a396fac7691003944751fbcf224d0d,4.131515552912189,,0.45940874680242344,0.1,396.353684,0.0,True,False,False,39,1265.732482,13,1265.732482,40,1265.732482,15,1265.732482,43
0xccee00943de1dc5e9f80aad18d8a9fb6ff5b51b5,Hype U-Boat,0xb402c5afb6fb2440b1db7ca129d1f57031d07b6c,0.09409437097293147,,0.7433090826111046,0.1,538.02184,0.0,True,False,False,34,1221.614394,13,1221.614394,59,1221.614394,19,1221.614394,59
0x4af52283ea6de9236c47b28e5dbf156453df8efb,[A] Downside,0x3ebbc3beb2a29a7d42d98d1c2d2d4f54b1699869,3.7912727870586997,,1.0,0.1,51065.263638,0.0,False,False,False,36,61563.243102,13,61563.243102,61,61563.243102,44,61563.243102,62
0x469f690213c467c39a23efacfd2816896009d7d8,HLP Strategy X,0xdfc24b077bc1425ad1dea75bcb6f8158e10df303,0.001120206916086994,,1.0000000000000047,0.0,1000.0,0.0,True,False,False,47,1002202.218489,13,1002202.218489,61,1002202.218489,43,1002202.218489,41
0x1e37a337ed460039d1b15bd3bc489de789768d5e,Growi HF,0x7789450871fb1315fa982ccb8039cb34e8f2f60d,5.765598420715863,,0.056639778912689835,0.1,6904239.468398,0.0,True,False,False,250,7178799.069669,40,7178799.069669,67,7178799.069669,48,7178799.069669,89
0xb1688bcae7de088fe9f2ef1d1f79e681fc0443ed,$🏧| ATM |🏧$,0x3e068eaeb971cc6b21b6b21a514c3423b93747d1,1.0323305040971835,,0.2496734961061381,0.1,14152.10187,0.0,True,False,False,241,14552.624959,13,14552.624959,63,14552.624959,46,14552.624959,42
